/о_фабрике/;/about/
/доставка/;/delivery/
/отзывы/;/reviews/
/партнерам/;/partners/
/контакты/;/contacts/
/каталог/спальни;/spalni/
/каталог/гостинные;/gostinye/
/каталог/Гостиные Диа Мебель/gostinnaya_roza_-mogano/;/gostinye/gostinaya_Roza_(mogano)/
/каталог/Диа Мебель спальни/spal-nya_roza_-bezh/;/spalni/spalnya_Roza_(bej)/
/каталог/Диа Мебель спальни/спальня-роза-могано/;/spalni/spalnya_Roza_(mogano)/
/каталог/Диа Мебель спальни/spal-nya_ol-ga_-serebro/;/spalni/spalnya_Olga_(Serebro)/
/каталог/Диа Мебель спальни/spal-nya_ol-ga_-zoloto/;/spalni/spalnya_Olga_(Zoloto)/
/каталог/Диа Мебель спальни/spal-nya_ol-ga_-mogano/;/spalni/spalnya_Olga_(mogano)/
/каталог/Диа Мебель спальни/spal-nya_ol-ga_-oreh/;/spalni/spalnya_Olga_(Oreh)/
/каталог/Диа Мебель спальни/спальня-маргарита-орех/;/spalni/spalnya_Margarita_(oreh)/
/каталог/Диа Мебель спальни/спальня-маргарита-бежевая/;/spalni/spalnya_Margarita_(Bejevaya)/
/каталог/Диа Мебель спальни/спальня-юлия/;/spalni/spalnya_YUliya_(bej)/
/каталог/Диа Мебель спальни/spal-nya_irina_-bezh/;/spalni/spalnya_Irina_(bej)/
/каталог/Диа Мебель спальни/spal-nya_viktoriya/;/spalni/spalnya_Viktoriya_(oreh)/
/каталог/Диа Мебель спальни/spal-nya_evgeniya_-bezh/;/spalni/spalnya_Evgeniya_(bej)/
/каталог/Диа Мебель спальни/spal-nya_ticiana/;/spalni/spalnya_Titsiana_(oreh)/
/каталог/Диа Мебель спальни/spal-nya_roma_-bezh/;/spalni/spalnya_Roma_(bej)/
/каталог/Диа Мебель спальни/spal-nya_roma_-oreh/;/spalni/spalnya_Roma_(oreh)/
/каталог/Диа Мебель спальни/spal-nya_liliya_-oreh/;/spalni/spalnya_Liliya_(oreh)/
/каталог/Диа Мебель спальни/spal-nya_rossela_-oreh/;/spalni/spalnya_Rossela_(oreh)/
/каталог/Гостиные Диа Мебель/gostinnaya_roza_-bezh-_komplekt_s_6-yu_stul-yami/;/gostinye/gostinnaya_Roza_(bej)/
/каталог/Гостиные Диа Мебель/гостиная-роза-орех/;/gostinye/gostinnaya_Roza_(oreh)/
/каталог/Гостиные Диа Мебель/gostinaya_melanzh/;/gostinye/gostinaya_Melanj/
/каталог/Гостиные Диа Мебель/gostinaya_naomi/;/gostinye/gostinaya_Naomi/
/каталог/Гостиные Диа Мебель/gostinaya_borokko/;/gostinye/gostinaya_Borokko/
/каталог/Диа Мебель спальни/spal-nya_naomi/;/spalni/spalnya_Naomi/
/каталог/Диа Мебель спальни/spal-nya_melanzh/;/spalni/spalnya_Melanj/
/каталог/Диа Мебель спальни/spal-nya_madlen/;/spalni/spalnya_Madlen/
/каталог/Диа Мебель спальни/spal-nya_rafaella/;/spalni/spalnya_Rafaella/
/каталог/Диа Мебель спальни/spal-nya_elizabet_-oreh/;/spalni/spalnya_Elizabet_(oreh)/
/каталог/Диа Мебель спальни/spal-nya_medea/;/spalni/spalnya_Medea_(bej)/
/каталог/Диа Мебель спальни/spal-nya_diana/;/spalni/spalnya_Diana/
/каталог/Диа Мебель спальни/spal-nya_irina_-oreh/;/spalni/spalnya_Irina_(oreh)/
???°N‚?°?»????/?”???°%20???µ?±?µ?»N?%20N????°?»N?????/N????°?»N???N?-???°N€???°N€??N‚?°-?±?µ?¶?µ???°N?/;dia-mebel.ru/
/каталог/Гостиные/гостиная-роза-орех/;/gostinye/gostinnaya_Roza_(oreh)/
/каталог/Гостиные/gostinaya_borokko/;/gostinye/gostinaya_Borokko/
/каталог/Гостиные/gostinaya_melanzh/;/gostinye/gostinaya_Melanj/
/каталог/Гостиные/gostinnaya_roza_-mogano/;/gostinye/gostinaya_Roza_(mogano)/
/каталог/Спальни/спальня-маргарита-орех/;/spalni/spalnya_Margarita_(oreh)/
/каталог/Спальни/спальня-юлия/;/spalni/spalnya_YUliya_(bej)/
/каталог/Спальни/spal-nya_diana/;/spalni/spalnya_Diana/
/каталог/Спальни/spal-nya_elizabet_-oreh/;/spalni/spalnya_Elizabet_(oreh)/
/каталог/Спальни/spal-nya_evgeniya_-bezh/;/spalni/spalnya_Evgeniya_(bej)/
/каталог/Спальни/spal-nya_irina_-oreh/;/spalni/spalnya_Irina_(oreh)/
/каталог/Спальни/spal-nya_liliya_-oreh/;/spalni/spalnya_Liliya_(oreh)/
/каталог/Спальни/spal-nya_madlen/;/spalni/spalnya_Madlen/
/каталог/Спальни/spal-nya_medea/;/spalni/spalnya_Medea_(bej)/
/каталог/Спальни/spal-nya_melanzh/;/gostinye/gostinaya_Melanj/
/каталог/Спальни/spal-nya_ol-ga_-zoloto/;/spalni/spalnya_Olga_(Zoloto)/
/каталог/Спальни/spal-nya_rafaella/;/spalni/spalnya_Rafaella/
/каталог/Спальни/spal-nya_roma_-bezh/;/spalni/spalnya_Roma_(bej)/
/каталог/Спальни/spal-nya_roma_-oreh/;/spalni/spalnya_Roma_(oreh)/
/каталог/Спальни/spal-nya_rossela_-oreh/;/spalni/spalnya_Rossela_(oreh)/
/каталог/Спальни/spal-nya_roza_-bezh/;/spalni/spalnya_Roza_(bej)/
/каталог/Спальни/spal-nya_ticiana/;/spalni/spalnya_Titsiana_(oreh)/
/каталог/гостинные/;/gostinye/
/каталог/спальни/;/spalni/
/каталог/спальни/spal-nya_irina_-bezh/;/spalni/spalnya_Irina_(bej)/
/каталог/спальни/spal-nya_madlen/;/spalni/spalnya_Madlen/
/каталог/спальни/spal-nya_ol-ga_-serebro/;/spalni/spalnya_Olga_(Serebro)/
/корзина/;/shopcart/
/%EA%E0%F2%E0%EB%EE%E3/%E3%EE%F1%F2%E8%ED%ED%FB%E5/%E3%EE%F1%F2%E8%ED%E0%FF-%F0%EE%E7%E0-%EE%F0%E5%F5/;dia-mebel.ru/
/%EA%E0%F2%E0%EB%EE%E3/%E3%EE%F1%F2%E8%ED%ED%FB%E5/gostinnaya_roza_-bezh-_komplekt_s_6-yu_stul-yami/;dia-mebel.ru/
/data/images_module/original_.;dia-mebel.ru/
/gostinye/gostinaya_Borokko/gostinaya_Borokko/;/gostinye/gostinaya_Borokko/
/gostinye/gostinaya_Borokko/gostinaya_Borokko_(komplekt_TV)/;/gostinye/gostinaya_Borokko/
/gostinye/gostinaya_Borokko/gostinaya_Borokko_stol_obedennyiy/;/gostinye/gostinaya_Borokko/
/gostinye/gostinaya_Borokko/gostinaya_Borokko_uglovaya_kolonka/;/gostinye/gostinaya_Borokko/
/gostinye/gostinaya_Melanj/gostinaya_Melanj/;/gostinye/gostinaya_Melanj/
/gostinye/gostinaya_Melanj/gostinaya_Melanj_(komplekt_TV-long)/;/gostinye/gostinaya_Melanj/
/gostinye/gostinaya_Melanj/gostinaya_Melanj_(komplekt_TV-short)/;/gostinye/gostinaya_Melanj/
/gostinye/gostinaya_Melanj/gostinaya_Melanj_stol_obedennyiy/;/gostinye/gostinaya_Melanj/
/gostinye/gostinaya_Melanj/gostinaya_Melanj_uglovaya_kolonka/;/gostinye/gostinaya_Melanj/
/gostinye/gostinaya_Naomi/gostinaya_Naomi/;/gostinye/gostinaya_Naomi/
/gostinye/gostinaya_Naomi/gostinaya_Naomi_(komplekt_TV)/;/gostinye/gostinaya_Naomi/
/gostinye/gostinaya_Naomi/gostinaya_Naomi_stol_obedennyiy/;/gostinye/gostinaya_Naomi/
/gostinye/gostinaya_Naomi/kabinet_Naomi/;/gostinye/gostinaya_Naomi/
/gostinye/gostinaya_Roza_(mogano)/gostinnaya_Roza_(mogano)_komplekt_s_4-mya_stulyami/;/gostinye/gostinaya_Roza_(mogano)/
/gostinye/gostinaya_Roza_(mogano)/gostinnaya_Roza_(mogano)_komplekt_s_6-yu_stulyami/;/gostinye/gostinaya_Roza_(mogano)/
/gostinye/gostinaya_Roza_(mogano)/komod_s_zerkalom_Roza_(mogano)/;/gostinye/gostinaya_Roza_(mogano)/
/gostinye/gostinaya_Roza_(mogano)/puf_Roza_(mogano)/;/gostinye/gostinaya_Roza_(mogano)/
/gostinye/gostinaya_Roza_(mogano)/stol_obedennyiy_Roza_(raskladnoy)/;/gostinye/gostinaya_Roza_(mogano)/
/gostinye/gostinaya_Roza_(mogano)/stul_Roza_(mogano)/;/gostinye/gostinaya_Roza_(mogano)/
/gostinye/gostinaya_Roza_(mogano)/tV_tumba_Roza_(mogano)/;/gostinye/gostinaya_Roza_(mogano)/
/gostinye/gostinaya_Roza_(mogano)/uglovaya_vitrina_(mogano)/;/gostinye/gostinaya_Roza_(mogano)/
/gostinye/gostinaya_Roza_(mogano)/vitrina_2-h_dv._Roza_(mogano)/;/gostinye/gostinaya_Roza_(mogano)/
/gostinye/gostinaya_Roza_(mogano)/vitrina_Roza_4-h_dv_(mogano)/;/gostinye/gostinaya_Roza_(mogano)/
/gostinye/gostinnaya_Roza_(bej)/gostinnaya_Roza_(bej)_komplekt_s_4-mya_stulyami/;/gostinye/gostinnaya_Roza_(bej)/
/gostinye/gostinnaya_Roza_(bej)/gostinnaya_Roza_(bej)_komplekt_s_6-yu_stulyami/;/gostinye/gostinnaya_Roza_(bej)/
/gostinye/gostinnaya_Roza_(bej)/komod_s_zerkalom_Roza_(bej)/;/gostinye/gostinnaya_Roza_(bej)/
/gostinye/gostinnaya_Roza_(bej)/stol_obedennyiy_Roza_(raskladnoy)/;/gostinye/gostinnaya_Roza_(bej)/
/gostinye/gostinnaya_Roza_(bej)/stul_Roza_(bej)/;/gostinye/gostinnaya_Roza_(bej)/
/gostinye/gostinnaya_Roza_(bej)/tV_tumba_Roza_(bej)/;/gostinye/gostinnaya_Roza_(bej)/
/gostinye/gostinnaya_Roza_(bej)/uglovaya_vitrina_(bej)/;/gostinye/gostinnaya_Roza_(bej)/
/gostinye/gostinnaya_Roza_(bej)/vitrina_2-h_dv._Roza_(bej)/;/gostinye/gostinnaya_Roza_(bej)/
/gostinye/gostinnaya_Roza_(bej)/vitrina_Roza_(bej)_4-h_dv./;/gostinye/gostinnaya_Roza_(bej)/
/gostinye/gostinnaya_Roza_(oreh)/gostinnaya_Roza_(oreh)_komplekt_s_4-mya_stulyami/;/gostinye/gostinnaya_Roza_(oreh)/
/gostinye/gostinnaya_Roza_(oreh)/gostinnaya_Roza_(oreh)_komplekt_s_6-yu_stulyami/;/gostinye/gostinnaya_Roza_(oreh)/
/gostinye/gostinnaya_Roza_(oreh)/komod_s_zerkalom_Roza_(oreh)/;/gostinye/gostinnaya_Roza_(oreh)/
/gostinye/gostinnaya_Roza_(oreh)/puf_Roza_(oreh)/;/gostinye/gostinnaya_Roza_(oreh)/
/gostinye/gostinnaya_Roza_(oreh)/stol_obedennyiy_Roza_(raskladnoy)/;/gostinye/gostinnaya_Roza_(oreh)/
/gostinye/gostinnaya_Roza_(oreh)/stul_Roza_(oreh)/;/gostinye/gostinnaya_Roza_(oreh)/
/gostinye/gostinnaya_Roza_(oreh)/tV_tumba_Roza_(oreh)/;/gostinye/gostinnaya_Roza_(oreh)/
/gostinye/gostinnaya_Roza_(oreh)/uglovaya_vitrina_(oreh)/;/gostinye/gostinnaya_Roza_(oreh)/
/gostinye/gostinnaya_Roza_(oreh)/vitrina_2-h_dv._Roza_(oreh)/;/gostinye/gostinnaya_Roza_(oreh)/
/gostinye/gostinnaya_Roza_(oreh)/vitrina_Roza_4-h_dv_(oreh)/;/gostinye/gostinnaya_Roza_(oreh)/
/spalni/spalnya_Anita/komod_i_Zerkalo_Anita/;/spalni/spalnya_Anita/
/spalni/spalnya_Anita/komplekt_4-h_dvernyiy_Anita/;/spalni/spalnya_Anita/
/spalni/spalnya_Anita/komplekt_6-ti_dvernyiy_Anita/;/spalni/spalnya_Anita/
/spalni/spalnya_Anita/krovat_Anita/;/spalni/spalnya_Anita/
/spalni/spalnya_Anita/sHkaf_4-h_dvernyiy_Anita/;/spalni/spalnya_Anita/
/spalni/spalnya_Anita/sHkaf_6-ti_dvernyiy_Anita/;/spalni/spalnya_Anita/
/spalni/spalnya_Anita/tumbochka_Anita/;/spalni/spalnya_Anita/
/spalni/spalnya_Diana/komod_i_Zerkalo_Diana_(bej)/;/spalni/spalnya_Diana/
/spalni/spalnya_Diana/komplekt_4-h_dvernyiy_Diana_(bej)/;/spalni/spalnya_Diana/
/spalni/spalnya_Diana/krovat_Diana_(bej)/;/spalni/spalnya_Diana/
/spalni/spalnya_Diana/sHkaf_4-h_dvernyiy_Diana_(bej)/;/spalni/spalnya_Diana/
/spalni/spalnya_Diana/sHkaf_6-ti_dvernyiy_Diana_(bej)/;/spalni/spalnya_Diana/
/spalni/spalnya_Diana/tumbochka_Diana/;/spalni/spalnya_Diana/
/spalni/spalnya_Elizabet_(oreh)/belevoy_yaschik_s_podyemnyim_mehanizmom/;/spalni/spalnya_Elizabet_(oreh)/
/spalni/spalnya_Elizabet_(oreh)/evroOrtoped_Ideal/;/spalni/spalnya_Elizabet_(oreh)/
/spalni/spalnya_Elizabet_(oreh)/evroPrestij_Ekonom/;/spalni/spalnya_Elizabet_(oreh)/
/spalni/spalnya_Elizabet_(oreh)/evroPrestij_Ideal/;/spalni/spalnya_Elizabet_(oreh)/
/spalni/spalnya_Elizabet_(oreh)/evroPrestij_Lider/;/spalni/spalnya_Elizabet_(oreh)/
/spalni/spalnya_Elizabet_(oreh)/evroStandart_Ekonom/;/spalni/spalnya_Elizabet_(oreh)/
/spalni/spalnya_Elizabet_(oreh)/komplekt_4-h_dvernyiy_Elizabet_(oreh)/;/spalni/spalnya_Elizabet_(oreh)/
/spalni/spalnya_Elizabet_(oreh)/ortopedicheskoe_osnovanie_Drim/;/spalni/spalnya_Elizabet_(oreh)/
/spalni/spalnya_Evgeniya_(bej)/belevoy_yaschik_s_podyemnyim_mehanizmom/;/spalni/spalnya_Evgeniya_(bej)/
/spalni/spalnya_Evgeniya_(bej)/evroOrtoped_Ideal/;/spalni/spalnya_Evgeniya_(bej)/
/spalni/spalnya_Evgeniya_(bej)/evroPrestij_Ekonom/;/spalni/spalnya_Evgeniya_(bej)/
/spalni/spalnya_Evgeniya_(bej)/evroPrestij_Ideal/;/spalni/spalnya_Evgeniya_(bej)/
/spalni/spalnya_Evgeniya_(bej)/evroPrestij_Lider/;/spalni/spalnya_Evgeniya_(bej)/
/spalni/spalnya_Evgeniya_(bej)/evroStandart_Ekonom/;/spalni/spalnya_Evgeniya_(bej)/
/spalni/spalnya_Evgeniya_(bej)/komod_i_Zerkalo_Evgeniya_(bej)/;/spalni/spalnya_Evgeniya_(bej)/
/spalni/spalnya_Evgeniya_(bej)/komplekt_5-ti_dvernyiy_Evgeniya_(bej)/;/spalni/spalnya_Evgeniya_(bej)/
/spalni/spalnya_Evgeniya_(bej)/krovat_Evgeniya_(bej)/;/spalni/spalnya_Evgeniya_(bej)/
/spalni/spalnya_Evgeniya_(bej)/ortopedicheskoe_osnovanie_Drim/;/spalni/spalnya_Evgeniya_(bej)/
/spalni/spalnya_Evgeniya_(bej)/sHkaf_5-ti_dvernyiy_Evgeniya_(bej)/;/spalni/spalnya_Evgeniya_(bej)/
/spalni/spalnya_Evgeniya_(bej)/tumbochka_Evgeniya_(bej)/;/spalni/spalnya_Evgeniya_(bej)/
/spalni/spalnya_Irina_(bej)/belevoy_yaschik_s_podyemnyim_mehanizmom/;/spalni/spalnya_Irina_(bej)/
/spalni/spalnya_Irina_(bej)/evroOrtoped_Ideal/;/spalni/spalnya_Irina_(bej)/
/spalni/spalnya_Irina_(bej)/evroPrestij_Ekonom/;/spalni/spalnya_Irina_(bej)/
/spalni/spalnya_Irina_(bej)/evroPrestij_Ideal/;/spalni/spalnya_Irina_(bej)/
/spalni/spalnya_Irina_(bej)/evroPrestij_Lider/;/spalni/spalnya_Irina_(bej)/
/spalni/spalnya_Irina_(bej)/evroStandart_Ekonom/;/spalni/spalnya_Irina_(bej)/
/spalni/spalnya_Irina_(bej)/komod_i_Zerkalo_Irina_(bej)/;/spalni/spalnya_Irina_(bej)/
/spalni/spalnya_Irina_(bej)/komplekt_4-h_dvernyiy_Irina_(bej)/;/spalni/spalnya_Irina_(bej)/
/spalni/spalnya_Irina_(bej)/krovat_Irina_(bej)/;/spalni/spalnya_Irina_(bej)/
/spalni/spalnya_Irina_(bej)/ortopedicheskoe_osnovanie_Drim/;/spalni/spalnya_Irina_(bej)/
/spalni/spalnya_Irina_(bej)/sHkaf_4-h_Irina_(bej)/;/spalni/spalnya_Irina_(bej)/
/spalni/spalnya_Irina_(bej)/tumbochka_Irina_(bej)/;/spalni/spalnya_Irina_(bej)/
/spalni/spalnya_Irina_(oreh)/belevoy_yaschik_s_podyemnyim_mehanizmom/;/spalni/spalnya_Irina_(oreh)/
/spalni/spalnya_Irina_(oreh)/evroOrtoped_Ideal/;/spalni/spalnya_Irina_(oreh)/
/spalni/spalnya_Irina_(oreh)/evroPrestij_Ekonom/;/spalni/spalnya_Irina_(oreh)/
/spalni/spalnya_Irina_(oreh)/evroPrestij_Ideal/;/spalni/spalnya_Irina_(oreh)/
/spalni/spalnya_Irina_(oreh)/evroPrestij_Lider/;/spalni/spalnya_Irina_(oreh)/
/spalni/spalnya_Irina_(oreh)/evroStandart_Ekonom/;/spalni/spalnya_Irina_(oreh)/
/spalni/spalnya_Irina_(oreh)/komod_i_Zerkalo_Irina_(oreh)/;/spalni/spalnya_Irina_(oreh)/
/spalni/spalnya_Irina_(oreh)/komplekt_4-h_dvernyiy_Irina_(oreh)/;/spalni/spalnya_Irina_(oreh)/
/spalni/spalnya_Irina_(oreh)/krovat_Irina_(oreh)/;/spalni/spalnya_Irina_(oreh)/
/spalni/spalnya_Irina_(oreh)/ortopedicheskoe_osnovanie_Drim/;/spalni/spalnya_Irina_(oreh)/
/spalni/spalnya_Irina_(oreh)/sHkaf_4-h_Irina_(oreh)/;/spalni/spalnya_Irina_(oreh)/
/spalni/spalnya_Irina_(oreh)/tumbochka_Irina_(oreh)/;/spalni/spalnya_Irina_(oreh)/
/spalni/spalnya_Liliya_(oreh)/belevoy_yaschik_s_podyemnyim_mehanizmom/;/spalni/spalnya_Liliya_(oreh)/
/spalni/spalnya_Liliya_(oreh)/evroOrtoped_Ideal/;/spalni/spalnya_Liliya_(oreh)/
/spalni/spalnya_Liliya_(oreh)/evroPrestij_Ekonom/;/spalni/spalnya_Liliya_(oreh)/
/spalni/spalnya_Liliya_(oreh)/evroPrestij_Ideal/;/spalni/spalnya_Liliya_(oreh)/
/spalni/spalnya_Liliya_(oreh)/evroPrestij_Lider/;/spalni/spalnya_Liliya_(oreh)/
/spalni/spalnya_Liliya_(oreh)/evroStandart_Ekonom/;/spalni/spalnya_Liliya_(oreh)/
/spalni/spalnya_Liliya_(oreh)/komplekt_4-h_dvernyiy_Liliya_(oreh)/;/spalni/spalnya_Liliya_(oreh)/
/spalni/spalnya_Liliya_(oreh)/ortopedicheskoe_osnovanie_Drim/;/spalni/spalnya_Liliya_(oreh)/
/spalni/spalnya_Madlen/belevoy_yaschik_s_podyemnyim_mehanizmom/;/spalni/spalnya_Madlen/
/spalni/spalnya_Madlen/evroOrtoped_Ideal/;/spalni/spalnya_Madlen/
/spalni/spalnya_Madlen/evroPrestij_Ekonom/;/spalni/spalnya_Madlen/
/spalni/spalnya_Madlen/evroPrestij_Ideal/;/spalni/spalnya_Madlen/
/spalni/spalnya_Madlen/evroPrestij_Lider/;/spalni/spalnya_Madlen/
/spalni/spalnya_Madlen/evroStandart_Ekonom/;/spalni/spalnya_Madlen/
/spalni/spalnya_Madlen/ortopedicheskoe_osnovanie_Drim/;/spalni/spalnya_Madlen/
/spalni/spalnya_Madlen/spalnya_Madlen_krovat_160_shkaf_4h_dv/;/spalni/spalnya_Madlen/
/spalni/spalnya_Madlen/spalnya_Madlen_krovat_160_shkaf_5ti_dv/;/spalni/spalnya_Madlen/
/spalni/spalnya_Madlen/spalnya_Madlen_krovat_180_shkaf_4h_dv/;/spalni/spalnya_Madlen/
/spalni/spalnya_Madlen/spalnya_Madlen_krovat_180_shkaf_5ti_dv/;/spalni/spalnya_Madlen/
/spalni/spalnya_Margarita_(Bejevaya)/belevoy_yaschik_s_podyemnyim_mehanizmom/;/spalni/spalnya_Margarita_(Bejevaya)/
/spalni/spalnya_Margarita_(Bejevaya)/evroOrtoped_Ideal/;/spalni/spalnya_Margarita_(Bejevaya)/
/spalni/spalnya_Margarita_(Bejevaya)/evroPrestij_Ekonom/;/spalni/spalnya_Margarita_(Bejevaya)/
/spalni/spalnya_Margarita_(Bejevaya)/evroPrestij_Ideal/;/spalni/spalnya_Margarita_(Bejevaya)/
/spalni/spalnya_Margarita_(Bejevaya)/evroPrestij_Lider/;/spalni/spalnya_Margarita_(Bejevaya)/
/spalni/spalnya_Margarita_(Bejevaya)/evroStandart_Ekonom/;/spalni/spalnya_Margarita_(Bejevaya)/
/spalni/spalnya_Margarita_(Bejevaya)/komod_i_Zerkalo_Margarita_(bej)/;/spalni/spalnya_Margarita_(Bejevaya)/
/spalni/spalnya_Margarita_(Bejevaya)/komplekt_4-h_dvernyiy_Margarita_(bej)/;/spalni/spalnya_Margarita_(Bejevaya)/
/spalni/spalnya_Margarita_(Bejevaya)/sHkaf_6-ti_dvernyiy_Margarita_(bej)/;/spalni/spalnya_Margarita_(Bejevaya)/
/spalni/spalnya_Margarita_(Bejevaya)/tumbochka_Margarita_(bej)/;/spalni/spalnya_Margarita_(Bejevaya)/
/spalni/spalnya_Margarita_(oreh)/belevoy_yaschik_s_podyemnyim_mehanizmom/;/spalni/spalnya_Margarita_(oreh)/
/spalni/spalnya_Margarita_(oreh)/evroOrtoped_Ideal/;/spalni/spalnya_Margarita_(oreh)/
/spalni/spalnya_Margarita_(oreh)/evroPrestij_Ekonom/;/spalni/spalnya_Margarita_(oreh)/
/spalni/spalnya_Margarita_(oreh)/evroPrestij_Ideal/;/spalni/spalnya_Margarita_(oreh)/
/spalni/spalnya_Margarita_(oreh)/evroPrestij_Lider/;/spalni/spalnya_Margarita_(oreh)/
/spalni/spalnya_Margarita_(oreh)/evroStandart_Ekonom/;/spalni/spalnya_Margarita_(oreh)/
/spalni/spalnya_Margarita_(oreh)/komod_i_Zerkalo_Margarita_(oreh)/;/spalni/spalnya_Margarita_(oreh)/
/spalni/spalnya_Margarita_(oreh)/komplekt_4-h_dvernyiy_Margarita_(oreh)/;/spalni/spalnya_Margarita_(oreh)/
/spalni/spalnya_Margarita_(oreh)/komplekt_6-ti_dvernyiy_Margarita_(oreh)/;/spalni/spalnya_Margarita_(oreh)/
/spalni/spalnya_Margarita_(oreh)/krovat_Margarita_(oreh)/;/spalni/spalnya_Margarita_(oreh)/
/spalni/spalnya_Margarita_(oreh)/ortopedicheskoe_osnovanie_Drim/;/spalni/spalnya_Margarita_(oreh)/
/spalni/spalnya_Margarita_(oreh)/sHkaf_4-h_dvernyiy_Margarita_(oreh)/;/spalni/spalnya_Margarita_(oreh)/
/spalni/spalnya_Margarita_(oreh)/sHkaf_6-ti_dvernyiy_Margarita_(oreh)/;/spalni/spalnya_Margarita_(oreh)/
/spalni/spalnya_Margarita_(oreh)/tumbochka_Margarita_(oreh)/;/spalni/spalnya_Margarita_(oreh)/
/spalni/spalnya_Medea_(bej)/belevoy_yaschik_s_podyemnyim_mehanizmom/;/spalni/spalnya_Medea_(bej)/
/spalni/spalnya_Medea_(bej)/evroOrtoped_Ideal/;/spalni/spalnya_Medea_(bej)/
/spalni/spalnya_Medea_(bej)/evroPrestij_Ekonom/;/spalni/spalnya_Medea_(bej)/
/spalni/spalnya_Medea_(bej)/evroPrestij_Ideal/;/spalni/spalnya_Medea_(bej)/
/spalni/spalnya_Medea_(bej)/evroPrestij_Lider/;/spalni/spalnya_Medea_(bej)/
/spalni/spalnya_Medea_(bej)/evroStandart_Ekonom/;/spalni/spalnya_Medea_(bej)/
/spalni/spalnya_Medea_(bej)/komod_i_Zerkalo_Medea_(bej)/;/spalni/spalnya_Medea_(bej)/
/spalni/spalnya_Medea_(bej)/komplekt_6-ti_dvernyiy_Medea_(bej)/;/spalni/spalnya_Medea_(bej)/
/spalni/spalnya_Medea_(bej)/krovat_Medea_(bej)/;/spalni/spalnya_Medea_(bej)/
/spalni/spalnya_Medea_(bej)/ortopedicheskoe_osnovanie_Drim/;/spalni/spalnya_Medea_(bej)/
/spalni/spalnya_Medea_(bej)/sHkaf_6-ti_dvernyiy_Medea_(bej)/;/spalni/spalnya_Medea_(bej)/
/spalni/spalnya_Medea_(bej)/tumbochka_Medea_(bej)/;/spalni/spalnya_Medea_(bej)/
/spalni/spalnya_Melanj/belevoy_yaschik_s_podyemnyim_mehanizmom/;/spalni/spalnya_Melanj/
/spalni/spalnya_Melanj/evroOrtoped_Ideal/;/spalni/spalnya_Melanj/
/spalni/spalnya_Melanj/evroPrestij_Ekonom/;/spalni/spalnya_Melanj/
/spalni/spalnya_Melanj/evroPrestij_Ideal/;/spalni/spalnya_Melanj/
/spalni/spalnya_Melanj/evroPrestij_Lider/;/spalni/spalnya_Melanj/
/spalni/spalnya_Melanj/evroStandart_Ekonom/;/spalni/spalnya_Melanj/
/spalni/spalnya_Melanj/ortopedicheskoe_osnovanie_Drim/;/spalni/spalnya_Melanj/
/spalni/spalnya_Melanj/spalnya_Melanj/;/spalni/spalnya_Melanj/
/spalni/spalnya_Naomi/belevoy_yaschik_s_podyemnyim_mehanizmom/;/spalni/spalnya_Naomi/
/spalni/spalnya_Naomi/evroOrtoped_Ideal/;/spalni/spalnya_Naomi/
/spalni/spalnya_Naomi/evroPrestij_Ekonom/;/spalni/spalnya_Naomi/
/spalni/spalnya_Naomi/evroPrestij_Ideal/;/spalni/spalnya_Naomi/
/spalni/spalnya_Naomi/evroPrestij_Lider/;/spalni/spalnya_Naomi/
/spalni/spalnya_Naomi/evroStandart_Ekonom/;/spalni/spalnya_Naomi/
/spalni/spalnya_Naomi/ortopedicheskoe_osnovanie_Drim/;/spalni/spalnya_Naomi/
/spalni/spalnya_Naomi/spalnya_Naomi/;/spalni/spalnya_Naomi/
/spalni/spalnya_Olga_(mogano)/belevoy_yaschik_s_podyemnyim_mehanizmom/;/spalni/spalnya_Olga_(mogano)/
/spalni/spalnya_Olga_(mogano)/evroOrtoped_Ideal/;/spalni/spalnya_Olga_(mogano)/
/spalni/spalnya_Olga_(mogano)/evroPrestij_Ekonom/;/spalni/spalnya_Olga_(mogano)/
/spalni/spalnya_Olga_(mogano)/evroPrestij_Ideal/;/spalni/spalnya_Olga_(mogano)/
/spalni/spalnya_Olga_(mogano)/evroPrestij_Lider/;/spalni/spalnya_Olga_(mogano)/
/spalni/spalnya_Olga_(mogano)/evroStandart_Ekonom/;/spalni/spalnya_Olga_(mogano)/
/spalni/spalnya_Olga_(mogano)/komod_i_Zerkalo_Olga_(mogano/;/spalni/spalnya_Olga_(mogano)/
/spalni/spalnya_Olga_(mogano)/komplekt_4-h_dvernyiy_Olga_(mogano)/;/spalni/spalnya_Olga_(mogano)/
/spalni/spalnya_Olga_(mogano)/komplekt_6-ti_dvernyiy_Olga_(mogano)/;/spalni/spalnya_Olga_(mogano)/
/spalni/spalnya_Olga_(mogano)/krovat_Olga_(mogano)/;/spalni/spalnya_Olga_(mogano)/
/spalni/spalnya_Olga_(mogano)/ortopedicheskoe_osnovanie_Drim/;/spalni/spalnya_Olga_(mogano)/
/spalni/spalnya_Olga_(mogano)/sHkaf_4-h_dvernyiy_Olga_(mogano)/;/spalni/spalnya_Olga_(mogano)/
/spalni/spalnya_Olga_(mogano)/sHkaf_6-ti_dvernyiy_Olga_(mogano)/;/spalni/spalnya_Olga_(mogano)/
/spalni/spalnya_Olga_(mogano)/tumbochka_Olga_(mogano)/;/spalni/spalnya_Olga_(mogano)/
/spalni/spalnya_Olga_(Oreh)/belevoy_yaschik_s_podyemnyim_mehanizmom/;/spalni/spalnya_Olga_(Oreh)/
/spalni/spalnya_Olga_(Oreh)/evroOrtoped_Ideal/;/spalni/spalnya_Olga_(Oreh)/
/spalni/spalnya_Olga_(Oreh)/evroPrestij_Ekonom/;/spalni/spalnya_Olga_(Oreh)/
/spalni/spalnya_Olga_(Oreh)/evroPrestij_Lider/;/spalni/spalnya_Olga_(Oreh)/
/spalni/spalnya_Olga_(Oreh)/evroStandart_Ekonom/;/spalni/spalnya_Olga_(Oreh)/
/spalni/spalnya_Olga_(Oreh)/komod_i_Zerkalo_Olga_(oreh)/;/spalni/spalnya_Olga_(Oreh)/
/spalni/spalnya_Olga_(Oreh)/komplekt_4-h_dvernyiy_Olga_(oreh)/;/spalni/spalnya_Olga_(Oreh)/
/spalni/spalnya_Olga_(Oreh)/komplekt_6-ti_dvernyiy_Olga_(oreh)/;/spalni/spalnya_Olga_(Oreh)/
/spalni/spalnya_Olga_(Oreh)/krovat_Olga_(oreh)/;/spalni/spalnya_Olga_(Oreh)/
/spalni/spalnya_Olga_(Oreh)/ortopedicheskoe_osnovanie_Drim/;/spalni/spalnya_Olga_(Oreh)/
/spalni/spalnya_Olga_(Oreh)/sHkaf_4-h_dvernyiy_Olga_(oreh)/;/spalni/spalnya_Olga_(Oreh)/
/spalni/spalnya_Olga_(Oreh)/sHkaf_6-ti_dvernyiy_Olga_(oreh)/;/spalni/spalnya_Olga_(Oreh)/
/spalni/spalnya_Olga_(Oreh)/tumbochka_Olga_(oreh)/;/spalni/spalnya_Olga_(Oreh)/
/spalni/spalnya_Olga_(Serebro)/belevoy_yaschik_s_podyemnyim_mehanizmom/;/spalni/spalnya_Olga_(Serebro)/
/spalni/spalnya_Olga_(Serebro)/evroOrtoped_Ideal/;/spalni/spalnya_Olga_(Serebro)/
/spalni/spalnya_Olga_(Serebro)/evroPrestij_Ekonom/;/spalni/spalnya_Olga_(Serebro)/
/spalni/spalnya_Olga_(Serebro)/evroPrestij_Ideal/;/spalni/spalnya_Olga_(Serebro)/
/spalni/spalnya_Olga_(Serebro)/evroPrestij_Lider/;/spalni/spalnya_Olga_(Serebro)/
/spalni/spalnya_Olga_(Serebro)/evroStandart_Ekonom/;/spalni/spalnya_Olga_(Serebro)/
/spalni/spalnya_Olga_(Serebro)/komod_i_Zerkalo_Olga_(serebro)/;/spalni/spalnya_Olga_(Serebro)/
/spalni/spalnya_Olga_(Serebro)/komplekt_4-h_dvernyiy_Olga_(serebro)/;/spalni/spalnya_Olga_(Serebro)/
/spalni/spalnya_Olga_(Serebro)/komplekt_6-ti_dvernyiy_Olga_(serebro)/;/spalni/spalnya_Olga_(Serebro)/
/spalni/spalnya_Olga_(Serebro)/krovat_Olga_(serebro)/;/spalni/spalnya_Olga_(Serebro)/
/spalni/spalnya_Olga_(Serebro)/ortopedicheskoe_osnovanie_Drim/;/spalni/spalnya_Olga_(Serebro)/
/spalni/spalnya_Olga_(Serebro)/sHkaf_4-h_dvernyiy_Olga_(serebro)/;/spalni/spalnya_Olga_(Serebro)/
/spalni/spalnya_Olga_(Serebro)/sHkaf_6-ti_dvernyiy_Olga_(serebro)/;/spalni/spalnya_Olga_(Serebro)/
/spalni/spalnya_Olga_(Serebro)/tumbochka_Olga_(serebro)/;/spalni/spalnya_Olga_(Serebro)/
/spalni/spalnya_Olga_(Zoloto)/belevoy_yaschik_s_podyemnyim_mehanizmom/;/spalni/spalnya_Olga_(Zoloto)/
/spalni/spalnya_Olga_(Zoloto)/evroOrtoped_Ideal/;/spalni/spalnya_Olga_(Zoloto)/
/spalni/spalnya_Olga_(Zoloto)/evroPrestij_Ekonom/;/spalni/spalnya_Olga_(Zoloto)/
/spalni/spalnya_Olga_(Zoloto)/evroPrestij_Ideal/;/spalni/spalnya_Olga_(Zoloto)/
/spalni/spalnya_Olga_(Zoloto)/evroPrestij_Lider/;/spalni/spalnya_Olga_(Zoloto)/
/spalni/spalnya_Olga_(Zoloto)/evroStandart_Ekonom/;/spalni/spalnya_Olga_(Zoloto)/
/spalni/spalnya_Olga_(Zoloto)/komod_i_Zerkalo_Olga_(zoloto)/;/spalni/spalnya_Olga_(Zoloto)/
/spalni/spalnya_Olga_(Zoloto)/komplekt_4-h_dvernyiy_Olga_(zoloto)/;/spalni/spalnya_Olga_(Zoloto)/
/spalni/spalnya_Olga_(Zoloto)/komplekt_6-ti_dvernyiy_Olga_(zoloto)/;/spalni/spalnya_Olga_(Zoloto)/
/spalni/spalnya_Olga_(Zoloto)/krovat_Olga_(zoloto)/;/spalni/spalnya_Olga_(Zoloto)/
/spalni/spalnya_Olga_(Zoloto)/ortopedicheskoe_osnovanie_Drim/;/spalni/spalnya_Olga_(Zoloto)/
/spalni/spalnya_Olga_(Zoloto)/sHkaf_4-h_dvernyiy_Olga_(zoloto)/;/spalni/spalnya_Olga_(Zoloto)/
/spalni/spalnya_Olga_(Zoloto)/sHkaf_6-ti_dvernyiy_Olga_(zoloto)/;/spalni/spalnya_Olga_(Zoloto)/
/spalni/spalnya_Olga_(Zoloto)/tumbochka_Olga_(zoloto)/;/spalni/spalnya_Olga_(Zoloto)/
/spalni/spalnya_Rafaella/belevoy_yaschik_s_podyemnyim_mehanizmom/;/spalni/spalnya_Rafaella/
/spalni/spalnya_Rafaella/evroOrtoped_Ideal/;/spalni/spalnya_Rafaella/
/spalni/spalnya_Rafaella/evroPrestij_Ekonom/;/spalni/spalnya_Rafaella/
/spalni/spalnya_Rafaella/evroPrestij_Ideal/;/spalni/spalnya_Rafaella/
/spalni/spalnya_Rafaella/evroPrestij_Lider/;/spalni/spalnya_Rafaella/
/spalni/spalnya_Rafaella/evroStandart_Ekonom/;/spalni/spalnya_Rafaella/
/spalni/spalnya_Rafaella/ortopedicheskoe_osnovanie_Drim/;/spalni/spalnya_Rafaella/
/spalni/spalnya_Rafaella/spalnya_Rafaella_s_komodom/;/spalni/spalnya_Rafaella/
/spalni/spalnya_Rafaella/spalnya_Rafaella_s_tualetnyim_stolom/;/spalni/spalnya_Rafaella/
/spalni/spalnya_Roma_(bej)/belevoy_yaschik_s_podyemnyim_mehanizmom/;/spalni/spalnya_Roma_(bej)/
/spalni/spalnya_Roma_(bej)/evroOrtoped_Ideal/;/spalni/spalnya_Roma_(bej)/
/spalni/spalnya_Roma_(bej)/evroPrestij_Ekonom/;/spalni/spalnya_Roma_(bej)/
/spalni/spalnya_Roma_(bej)/evroPrestij_Ideal/;/spalni/spalnya_Roma_(bej)/
/spalni/spalnya_Roma_(bej)/evroPrestij_Lider/;/spalni/spalnya_Roma_(bej)/
/spalni/spalnya_Roma_(bej)/evroStandart_Ekonom/;/spalni/spalnya_Roma_(bej)/
/spalni/spalnya_Roma_(bej)/komod_i_Zerkalo_Roma_(bej)/;/spalni/spalnya_Roma_(bej)/
/spalni/spalnya_Roma_(bej)/komplekt_4-h_dvernyiy_Roma_(bej)/;/spalni/spalnya_Roma_(bej)/
/spalni/spalnya_Roma_(bej)/komplekt_6-ti_dvernyiy_Roma_(bej)/;/spalni/spalnya_Roma_(bej)/
/spalni/spalnya_Roma_(bej)/krovat_Roma_(bej)/;/spalni/spalnya_Roma_(bej)/
/spalni/spalnya_Roma_(bej)/ortopedicheskoe_osnovanie_Drim/;/spalni/spalnya_Roma_(bej)/
/spalni/spalnya_Roma_(bej)/sHkaf_4-h_dvernyiy_Roma_(bej)/;/spalni/spalnya_Roma_(bej)/
/spalni/spalnya_Roma_(bej)/sHkaf_6-ti_dvernyiy_Roma_(bej)/;/spalni/spalnya_Roma_(bej)/
/spalni/spalnya_Roma_(bej)/tumbochka_Roma_(bej)/;/spalni/spalnya_Roma_(bej)/
/spalni/spalnya_Roma_(oreh)/belevoy_yaschik_s_podyemnyim_mehanizmom/;/spalni/spalnya_Roma_(bej)/
/spalni/spalnya_Roma_(oreh)/evroOrtoped_Ideal/;/spalni/spalnya_Roma_(bej)/
/spalni/spalnya_Roma_(oreh)/evroPrestij_Ekonom/;/spalni/spalnya_Roma_(bej)/
/spalni/spalnya_Roma_(oreh)/evroPrestij_Ideal/;/spalni/spalnya_Roma_(bej)/
/spalni/spalnya_Roma_(oreh)/evroPrestij_Lider/;/spalni/spalnya_Roma_(bej)/
/spalni/spalnya_Roma_(oreh)/evroStandart_Ekonom/;/spalni/spalnya_Roma_(bej)/
/spalni/spalnya_Roma_(oreh)/komod_i_Zerkalo_Roma_(oreh)/;/spalni/spalnya_Roma_(bej)/
/spalni/spalnya_Roma_(oreh)/komplekt_4-h_dvernyiy_Roma_(oreh)/;/spalni/spalnya_Roma_(bej)/
/spalni/spalnya_Roma_(oreh)/komplekt_6-ti_dvernyiy_Roma_(oreh)/;/spalni/spalnya_Roma_(bej)/
/spalni/spalnya_Roma_(oreh)/krovat_Roma_(oreh)/;/spalni/spalnya_Roma_(bej)/
/spalni/spalnya_Roma_(oreh)/ortopedicheskoe_osnovanie_Drim/;/spalni/spalnya_Roma_(bej)/
/spalni/spalnya_Roma_(oreh)/sHkaf_4-h_dvernyiy_Roma_(oreh)/;/spalni/spalnya_Roma_(bej)/
/spalni/spalnya_Roma_(oreh)/sHkaf_6-ti_dvernyiy_Roma_(oreh)/;/spalni/spalnya_Roma_(bej)/
/spalni/spalnya_Roma_(oreh)/tumbochka_Roma_(oreh)/;/spalni/spalnya_Roma_(bej)/
/spalni/spalnya_Rossela_(oreh)/belevoy_yaschik_s_podyemnyim_mehanizmom/;/spalni/spalnya_Rossela_(oreh)/
/spalni/spalnya_Rossela_(oreh)/evroOrtoped_Ideal/;/spalni/spalnya_Rossela_(oreh)/
/spalni/spalnya_Rossela_(oreh)/evroPrestij_Ekonom/;/spalni/spalnya_Rossela_(oreh)/
/spalni/spalnya_Rossela_(oreh)/evroPrestij_Ideal/;/spalni/spalnya_Rossela_(oreh)/
/spalni/spalnya_Rossela_(oreh)/evroPrestij_Lider/;/spalni/spalnya_Rossela_(oreh)/
/spalni/spalnya_Rossela_(oreh)/evroStandart_Ekonom/;/spalni/spalnya_Rossela_(oreh)/
/spalni/spalnya_Rossela_(oreh)/komplekt_6-ti_dvernyiy_Rossela_(oreh)/;/spalni/spalnya_Rossela_(oreh)/
/spalni/spalnya_Rossela_(oreh)/ortopedicheskoe_osnovanie_Drim/;/spalni/spalnya_Rossela_(oreh)/
/spalni/spalnya_Roza_(bej)/belevoy_yaschik_s_podyemnyim_mehanizmom/;/spalni/spalnya_Roza_(bej)/
/spalni/spalnya_Roza_(bej)/evroOrtoped_Ideal/;/spalni/spalnya_Roza_(bej)/
/spalni/spalnya_Roza_(bej)/evroPrestij_Ekonom/;/spalni/spalnya_Roza_(bej)/
/spalni/spalnya_Roza_(bej)/evroPrestij_Ideal/;/spalni/spalnya_Roza_(bej)/
/spalni/spalnya_Roza_(bej)/evroPrestij_Lider/;/spalni/spalnya_Roza_(bej)/
/spalni/spalnya_Roza_(bej)/evroStandart_Ekonom/;/spalni/spalnya_Roza_(bej)/
/spalni/spalnya_Roza_(bej)/komod_i_Zerkalo_Roza_(bej)/;/spalni/spalnya_Roza_(bej)/
/spalni/spalnya_Roza_(bej)/komplekt_4-h_dvernyiy_Roza_(bej)/;/spalni/spalnya_Roza_(bej)/
/spalni/spalnya_Roza_(bej)/komplekt_6-ti_dvernyiy_Roza_(bej)/;/spalni/spalnya_Roza_(bej)/
/spalni/spalnya_Roza_(bej)/krovat_Roza_(bej)/;/spalni/spalnya_Roza_(bej)/
/spalni/spalnya_Roza_(bej)/ortopedicheskoe_osnovanie_Drim/;/spalni/spalnya_Roza_(bej)/
/spalni/spalnya_Roza_(bej)/sHkaf_4-h_dvernyiy_Roza_(bej)/;/spalni/spalnya_Roza_(bej)/
/spalni/spalnya_Roza_(bej)/sHkaf_6-ti_dvernyiy_Roza_(bej)/;/spalni/spalnya_Roza_(bej)/
/spalni/spalnya_Roza_(bej)/tumbochka_Roza_(bej)/;/spalni/spalnya_Roza_(bej)/
/spalni/spalnya_Roza_(mogano)/belevoy_yaschik_s_podyemnyim_mehanizmom/;/spalni/spalnya_Roza_(mogano)/
/spalni/spalnya_Roza_(mogano)/evroOrtoped_Ideal/;/spalni/spalnya_Roza_(mogano)/
/spalni/spalnya_Roza_(mogano)/evroPrestij_Ekonom/;/spalni/spalnya_Roza_(mogano)/
/spalni/spalnya_Roza_(mogano)/evroPrestij_Ideal/;/spalni/spalnya_Roza_(mogano)/
/spalni/spalnya_Roza_(mogano)/evroPrestij_Lider/;/spalni/spalnya_Roza_(mogano)/
/spalni/spalnya_Roza_(mogano)/evroStandart_Ekonom/;/spalni/spalnya_Roza_(mogano)/
/spalni/spalnya_Roza_(mogano)/komod_i_Zerkalo_Roza_(mogano)/;/spalni/spalnya_Roza_(mogano)/
/spalni/spalnya_Roza_(mogano)/komplekt_4-h_dvernyiy_Roza_(mogano)/;/spalni/spalnya_Roza_(mogano)/
/spalni/spalnya_Roza_(mogano)/komplekt_6-ti_dvernyiy_Roza_(mogano)/;/spalni/spalnya_Roza_(mogano)/
/spalni/spalnya_Roza_(mogano)/krovat_Roza_(mogano)/;/spalni/spalnya_Roza_(mogano)/
/spalni/spalnya_Roza_(mogano)/ortopedicheskoe_osnovanie_Drim/;/spalni/spalnya_Roza_(mogano)/
/spalni/spalnya_Roza_(mogano)/sHkaf_4-h_dvernyiy_Roza_(mogano)/;/spalni/spalnya_Roza_(mogano)/
/spalni/spalnya_Roza_(mogano)/sHkaf_6-ti_dvernyiy_Roza_(mogano)/;/spalni/spalnya_Roza_(mogano)/
/spalni/spalnya_Roza_(mogano)/tumbochka_Roza_(mogano)/;/spalni/spalnya_Roza_(mogano)/
/spalni/spalnya_Titsiana_(oreh)/belevoy_yaschik_s_podyemnyim_mehanizmom/;/spalni/spalnya_Titsiana_(oreh)/
/spalni/spalnya_Titsiana_(oreh)/evroOrtoped_Ideal/;/spalni/spalnya_Titsiana_(oreh)/
/spalni/spalnya_Titsiana_(oreh)/evroPrestij_Ekonom/;/spalni/spalnya_Titsiana_(oreh)/
/spalni/spalnya_Titsiana_(oreh)/evroPrestij_Ideal/;/spalni/spalnya_Titsiana_(oreh)/
/spalni/spalnya_Titsiana_(oreh)/evroPrestij_Lider/;/spalni/spalnya_Titsiana_(oreh)/
/spalni/spalnya_Titsiana_(oreh)/evroStandart_Ekonom/;/spalni/spalnya_Titsiana_(oreh)/
/spalni/spalnya_Titsiana_(oreh)/komod_i_Zerkalo_Titsiana_(oreh)/;/spalni/spalnya_Titsiana_(oreh)/
/spalni/spalnya_Titsiana_(oreh)/komplekt_3-h_dvernyiy_Titsiana_(oreh)/;/spalni/spalnya_Titsiana_(oreh)/
/spalni/spalnya_Titsiana_(oreh)/komplekt_5-ti_dvernyiy_Titsiana_(oreh)/;/spalni/spalnya_Titsiana_(oreh)/
/spalni/spalnya_Titsiana_(oreh)/krovat_Titsiana_(oreh)/;/spalni/spalnya_Titsiana_(oreh)/
/spalni/spalnya_Titsiana_(oreh)/ortopedicheskoe_osnovanie_Drim/;/spalni/spalnya_Titsiana_(oreh)/
/spalni/spalnya_Titsiana_(oreh)/sHkaf_3-h_dvernyiy_Titsiana_(oreh)/;/spalni/spalnya_Titsiana_(oreh)/
/spalni/spalnya_Titsiana_(oreh)/sHkaf_5-ti_dvernyiy_Titsiana_(oreh)/;/spalni/spalnya_Titsiana_(oreh)/
/spalni/spalnya_Titsiana_(oreh)/tumbochka_Titsiana_(oreh)/;/spalni/spalnya_Titsiana_(oreh)/
/spalni/spalnya_Viktoriya_(oreh)/belevoy_yaschik_s_podyemnyim_mehanizmom/;/spalni/spalnya_Viktoriya_(oreh)/
/spalni/spalnya_Viktoriya_(oreh)/evroOrtoped_Ideal/;/spalni/spalnya_Viktoriya_(oreh)/
/spalni/spalnya_Viktoriya_(oreh)/evroPrestij_Ekonom/;/spalni/spalnya_Viktoriya_(oreh)/
/spalni/spalnya_Viktoriya_(oreh)/evroPrestij_Ideal/;/spalni/spalnya_Viktoriya_(oreh)/
/spalni/spalnya_Viktoriya_(oreh)/evroPrestij_Lider/;/spalni/spalnya_Viktoriya_(oreh)/
/spalni/spalnya_Viktoriya_(oreh)/evroStandart_Ekonom/;/spalni/spalnya_Viktoriya_(oreh)/
/spalni/spalnya_Viktoriya_(oreh)/komod_i_Zerkalo_Viktoriya_(oreh)/;/spalni/spalnya_Viktoriya_(oreh)/
/spalni/spalnya_Viktoriya_(oreh)/komplekt_4-h_dvernyiy_Viktoriya_(oreh)/;/spalni/spalnya_Viktoriya_(oreh)/
/spalni/spalnya_Viktoriya_(oreh)/krovat_Viktoriya_(oreh)/;/spalni/spalnya_Viktoriya_(oreh)/
/spalni/spalnya_Viktoriya_(oreh)/ortopedicheskoe_osnovanie_Drim/;/spalni/spalnya_Viktoriya_(oreh)/
/spalni/spalnya_Viktoriya_(oreh)/sHkaf_4-h_dvernyiy_Viktoriya_(oreh)/;/spalni/spalnya_Viktoriya_(oreh)/
/spalni/spalnya_Viktoriya_(oreh)/tumbochka_Viktoriya_(oreh)/;/spalni/spalnya_Viktoriya_(oreh)/
/spalni/spalnya_YUliya_(bej)/belevoy_yaschik_s_podyemnyim_mehanizmom/;/spalni/spalnya_YUliya_(bej)/
/spalni/spalnya_YUliya_(bej)/evroOrtoped_Ideal/;/spalni/spalnya_YUliya_(bej)/
/spalni/spalnya_YUliya_(bej)/evroPrestij_Ekonom/;/spalni/spalnya_YUliya_(bej)/
/spalni/spalnya_YUliya_(bej)/evroPrestij_Ideal/;/spalni/spalnya_YUliya_(bej)/
/spalni/spalnya_YUliya_(bej)/evroPrestij_Lider/;/spalni/spalnya_YUliya_(bej)/
/spalni/spalnya_YUliya_(bej)/evroStandart_Ekonom/;/spalni/spalnya_YUliya_(bej)/
/spalni/spalnya_YUliya_(bej)/komod_i_Zerkalo_YUliya_(bej)/;/spalni/spalnya_YUliya_(bej)/
/spalni/spalnya_YUliya_(bej)/komplekt_4-h_dvernyiy_YUliya_(bej)/;/spalni/spalnya_YUliya_(bej)/
/spalni/spalnya_YUliya_(bej)/krovat_YUliya_(bej)/;/spalni/spalnya_YUliya_(bej)/
/spalni/spalnya_YUliya_(bej)/ortopedicheskoe_osnovanie_Drim/;/spalni/spalnya_YUliya_(bej)/
/spalni/spalnya_YUliya_(bej)/sHkaf_4-h_YUliya_(bej)/;/spalni/spalnya_YUliya_(bej)/
/spalni/spalnya_YUliya_(bej)/tumbochka_YUliya_(bej)/;/spalni/spalnya_YUliya_(bej)/
/каталог/Гостиные/gostinnaya_roza_-bezh-_komplekt_s_6-yu_stul-yami/;/gostinye/gostinnaya_Roza_(bej)/
/каталог/Спальни/spal-nya_irina_-bezh/;/spalni/spalnya_Irina_(bej)/
/каталог/Спальни/spal-nya_ol-ga_-mogano/;/spalni/spalnya_Olga_(mogano)/
/каталог/спальни/spal-nya_roza_-bezh/;/spalni/spalnya_Roza_(bej)/
/dia-mebel.ru/;/
/каталог/спальни/спальня-юлия/;/spalni/spalnya_Olga_(Oreh)/
/spalni/spalnya_Diana/komplekt_6-ti_dvernyiy_Diana/;/spalni/spalnya_Diana/
/spalni/spalnya_Margarita_(Bejevaya)/komplekt_6-ti_dvernyiy_Margarita_(bej)/;/spalni/spalnya_Margarita_(Bejevaya)/
/spalni/spalnya_Margarita_(Bejevaya)/krovat_Margarita_(bej)/;/spalni/spalnya_Margarita_(Bejevaya)/
/spalni/spalnya_Margarita_(Bejevaya)/ortopedicheskoe_osnovanie_Drim/;/spalni/spalnya_Margarita_(Bejevaya)/
/spalni/spalnya_Margarita_(Bejevaya)/sHkaf_4-h_dvernyiy_Margarita_(bej)/;/spalni/spalnya_Margarita_(Bejevaya)/
/spalni/spalnya_Olga_(Oreh)/evroPrestij_Ideal/;/spalni/spalnya_Olga_(Oreh)/
/каталог/Спальни/спальня-роза-могано/;/spalni/spalnya_Roza_(mogano)/
/каталог/Спальни/spal-nya_naomi/;/spalni/spalnya_Naomi/
/каталог/Спальни/spal-nya_ol-ga_-oreh/;/spalni/spalnya_Olga_(Oreh)/
/каталог/Спальни/spal-nya_ol-ga_-serebro/;/spalni/spalnya_Olga_(Serebro)/
/каталог/Спальни/spal-nya_viktoriya/;/spalni/spalnya_Viktoriya_(oreh)/
/каталог/спальни/спальня-маргарита-бежевая/;/spalni/spalnya_Margarita_(Bejevaya)/
/каталог/спальни/spal-nya_liliya_-oreh/;/spalni/spalnya_Liliya_(oreh)/
/каталог/спальни/spal-nya_medea/;/spalni/spalnya_Medea_(bej)/
/каталог/спальни/spal-nya_ol-ga_-zoloto/;/spalni/spalnya_Olga_(Zoloto)/
/каталог/спальни/spal-nya_venera_-oreh/;/spalni/
/каталог/гостинные/гостиная-роза-орех/;/gostinye/
/каталог/гостинные/gostinaya_borokko/;/gostinye/gostinaya_Borokko/
/каталог/гостинные/gostinaya_melanzh/;/gostinye/gostinaya_Melanj/
/каталог/гостинные/gostinaya_naomi/;/gostinye/gostinaya_Naomi/
/каталог/гостинные/gostinnaya_roza_-bezh-_komplekt_s_6-yu_stul-yami/;/gostinye/gostinnaya_Roza_(bej)/
/каталог/гостинные/gostinnaya_roza_-mogano/;/gostinye/gostinaya_Roza_(mogano)/
/spalni/spalnya_Rossela_(oreh)/komplekt_6-ti_dvernyiy_Rossela_(oreh)/;/spalni/spalnya_Rossela_(oreh)/komplekt_5-ti_dvernyiy_Rossela_(oreh)/
/spalni/spalnya_Djokonda__oreh_/;/spalni/spalnya_Djokonda_/
/spalni/spalnya_Djokonda__bej_/;/spalni/spalnya_Djokonda_/
/spalni/spalnya_Kanada__oreh_/;/spalni/spalnya_Kanada_/
/spalni/spalnya_Karina__bej-zolochenie_/;/spalni/spalnya_Karina/
/spalni/spalnya_Alba__bej-zolochenie_/;/spalni/spalnya_Alba/
/spalni/spalnya_Neola__oreh_/;/spalni/spalnya_Neola_/
/spalni/spalnya_SHeyh_Bej/;/spalni/spalnya_SHeyh/
/spalni/spalnya_olivia_Oreh/;/spalni/spalnya_olivia_/
/spalni/spalnya_Beatris_bej/;/spalni/spalnya_Beatris/
/spalni/esmeralda_BEJ/;/spalni/esmeralda/
/spalni/spalnya_SHah_Bej/;/spalni/spalnya_SHah_/
/spalni/spalnya_Mona_Liza__NOVINKA_/;/spalni/spalnya_Mona_Liza_/
/spalni/spalnya_Afina_SHelografiya__oreh_/;/spalni/spalnya_Afina_SHelografiya_/
/spalni/spalnya_Roza_(bej)/;/spalni/spalnya_Roza_/
/spalni/spalnya_Gratsiya_Bej/;/spalni/spalnya_Gratsiya_/
/spalni/spalnya_Da_Vinchi_Bej-1/;/spalni/spalnya_Da_Vinchi_/
/spalni/spalnya_Roma_(bej)/;/spalni/spalnya_Roma_/
/spalni/spalnya_Da_Vinchi_Oreh//;/spalni/spalnya_Da_Vinchi_/
/spalni/spalnya_Gratsiya_Oreh/;/spalni/spalnya_Gratsiya_/
/spalni/esmeralda_Oreh/;/spalni/esmeralda/
/spalni/spalnya_Kanada__BEJ_/;/spalni/spalnya_Kanada_/
/spalni/spalnya_Medea__bej_oreh_/;/spalni/spalnya_Medea_/
/spalni/spalnya_Roza__Oreh_/;/spalni/spalnya_Roza_/
/spalni/spalnya_Roza_(mogano)/;/spalni/spalnya_Roza_/
/spalnya_Roma_(oreh)/;/spalni/spalnya_Roma_/
/spalni/spalnya_Lori__belaya_/;/spalni/spalnya_Lori_/
/spalni/spalnya_Ledi__chernaya_bejevaya_/;/spalni/spalnya_Ledi_/
/spalni/spalnya_Olga_(mogano)/;/spalni/spalnya_Olga___/
/spalni/spalnya_Olga_(Oreh)/ )/;/spalni/spalnya_Olga___/
/spalni/spalnya_Pamela_Bej/;/spalni/spalnya_Pamela/
/spalni/spalnya_Karina__bej-zolochenie_/;/spalni/prihojaya_Karina_/
/spalni/spalnya_Roza_/;/spalni/spalnya_Roza___/
/spalni/spalnya_Versal_Bej/;/spalni/spalnya_Versal/
/spalni/spalnya_Versal_Oreh/;/spalni/spalnya_Versal/
/spalni/spalnya_Rossella__Krem_/;/spalni/spalnya_Rossella_/
/spalni/spalnya_Rossela_(oreh)/;/spalni/spalnya_Rossella_/
/spalni/spalnya_Eliza__Bej_/;/spalni/spalnya_Eliza__/
/spalni/spalnya_Djokonda____/;/spalni/spalnya_Djokonda_/
/spalni/spalnya-djokonda/;/spalni/spalnya_Djokonda_/
/gostinye/gostinaya_Djokonda_/;/gostinye/gostinaya_Djokonda/